{
  "fio version" : "fio-3.36",
  "timestamp" : 1778126913,
  "timestamp_ms" : 1778126913982,
  "time" : "Thu May  7 04:08:33 2026",
  "global options" : {
    "ioengine" : "io_uring",
    "direct" : "1",
    "group_reporting" : "1",
    "time_based" : "1",
    "runtime" : "90",
    "randseed" : "42",
    "filename" : "/dev/nvme1n1"
  },
  "jobs" : [
    {
      "jobname" : "bimodal_blocksize_read",
      "groupid" : 0,
      "job_start" : 1778126823961,
      "error" : 0,
      "eta" : 0,
      "elapsed" : 91,
      "job options" : {
        "rw" : "randread",
        "bsrange" : "4k-256k",
        "iodepth" : "8",
        "rate_iops" : "4000"
      },
      "read" : {
        "io_bytes" : 1474600960,
        "io_kbytes" : 1440040,
        "bw_bytes" : 16384091,
        "bw" : 16000,
        "iops" : 123.663919,
        "runtime" : 90002,
        "total_ios" : 11130,
        "short_ios" : 0,
        "drop_ios" : 0,
        "slat_ns" : {
          "min" : 2335,
          "max" : 144956,
          "mean" : 9757.015274,
          "stddev" : 5061.081205,
          "N" : 11130
        },
        "clat_ns" : {
          "min" : 310704,
          "max" : 1641905,
          "mean" : 922701.543666,
          "stddev" : 303751.048196,
          "N" : 11130,
          "percentile" : {
            "1.000000" : 370688,
            "5.000000" : 456704,
            "10.000000" : 528384,
            "20.000000" : 634880,
            "30.000000" : 708608,
            "40.000000" : 798720,
            "50.000000" : 905216,
            "60.000000" : 1011712,
            "70.000000" : 1122304,
            "80.000000" : 1236992,
            "90.000000" : 1351680,
            "95.000000" : 1417216,
            "99.000000" : 1515520,
            "99.500000" : 1548288,
            "99.900000" : 1597440,
            "99.950000" : 1613824,
            "99.990000" : 1630208
          }
        },
        "lat_ns" : {
          "min" : 314831,
          "max" : 1653136,
          "mean" : 932458.558940,
          "stddev" : 305071.310753,
          "N" : 11130
        },
        "bw_min" : 15600,
        "bw_max" : 16448,
        "bw_agg" : 100.000000,
        "bw_mean" : 16007.061453,
        "bw_dev" : 159.385941,
        "bw_samples" : 179,
        "iops_min" : 98,
        "iops_max" : 144,
        "iops_mean" : 123.620112,
        "iops_stddev" : 8.760922,
        "iops_samples" : 179
      },
      "write" : {
        "io_bytes" : 0,
        "io_kbytes" : 0,
        "bw_bytes" : 0,
        "bw" : 0,
        "iops" : 0.000000,
        "runtime" : 0,
        "total_ios" : 0,
        "short_ios" : 0,
        "drop_ios" : 0,
        "slat_ns" : {
          "min" : 0,
          "max" : 0,
          "mean" : 0.000000,
          "stddev" : 0.000000,
          "N" : 0
        },
        "clat_ns" : {
          "min" : 0,
          "max" : 0,
          "mean" : 0.000000,
          "stddev" : 0.000000,
          "N" : 0
        },
        "lat_ns" : {
          "min" : 0,
          "max" : 0,
          "mean" : 0.000000,
          "stddev" : 0.000000,
          "N" : 0
        },
        "bw_min" : 0,
        "bw_max" : 0,
        "bw_agg" : 0.000000,
        "bw_mean" : 0.000000,
        "bw_dev" : 0.000000,
        "bw_samples" : 0,
        "iops_min" : 0,
        "iops_max" : 0,
        "iops_mean" : 0.000000,
        "iops_stddev" : 0.000000,
        "iops_samples" : 0
      },
      "trim" : {
        "io_bytes" : 0,
        "io_kbytes" : 0,
        "bw_bytes" : 0,
        "bw" : 0,
        "iops" : 0.000000,
        "runtime" : 0,
        "total_ios" : 0,
        "short_ios" : 0,
        "drop_ios" : 0,
        "slat_ns" : {
          "min" : 0,
          "max" : 0,
          "mean" : 0.000000,
          "stddev" : 0.000000,
          "N" : 0
        },
        "clat_ns" : {
          "min" : 0,
          "max" : 0,
          "mean" : 0.000000,
          "stddev" : 0.000000,
          "N" : 0
        },
        "lat_ns" : {
          "min" : 0,
          "max" : 0,
          "mean" : 0.000000,
          "stddev" : 0.000000,
          "N" : 0
        },
        "bw_min" : 0,
        "bw_max" : 0,
        "bw_agg" : 0.000000,
        "bw_mean" : 0.000000,
        "bw_dev" : 0.000000,
        "bw_samples" : 0,
        "iops_min" : 0,
        "iops_max" : 0,
        "iops_mean" : 0.000000,
        "iops_stddev" : 0.000000,
        "iops_samples" : 0
      },
      "sync" : {
        "total_ios" : 0,
        "lat_ns" : {
          "min" : 0,
          "max" : 0,
          "mean" : 0.000000,
          "stddev" : 0.000000,
          "N" : 0
        }
      },
      "job_runtime" : 90001,
      "usr_cpu" : 0.217775,
      "sys_cpu" : 0.218886,
      "ctx" : 21686,
      "majf" : 0,
      "minf" : 265,
      "iodepth_level" : {
        "1" : 95.265049,
        "2" : 4.734951,
        "4" : 0.000000,
        "8" : 0.000000,
        "16" : 0.000000,
        "32" : 0.000000,
        ">=64" : 0.000000
      },
      "iodepth_submit" : {
        "0" : 0.000000,
        "4" : 100.000000,
        "8" : 0.000000,
        "16" : 0.000000,
        "32" : 0.000000,
        "64" : 0.000000,
        ">=64" : 0.000000
      },
      "iodepth_complete" : {
        "0" : 0.000000,
        "4" : 100.000000,
        "8" : 0.000000,
        "16" : 0.000000,
        "32" : 0.000000,
        "64" : 0.000000,
        ">=64" : 0.000000
      },
      "latency_ns" : {
        "2" : 0.000000,
        "4" : 0.000000,
        "10" : 0.000000,
        "20" : 0.000000,
        "50" : 0.000000,
        "100" : 0.000000,
        "250" : 0.000000,
        "500" : 0.000000,
        "750" : 0.000000,
        "1000" : 0.000000
      },
      "latency_us" : {
        "2" : 0.000000,
        "4" : 0.000000,
        "10" : 0.000000,
        "20" : 0.000000,
        "50" : 0.000000,
        "100" : 0.000000,
        "250" : 0.000000,
        "500" : 7.565139,
        "750" : 27.187781,
        "1000" : 24.115004
      },
      "latency_ms" : {
        "2" : 41.132075,
        "4" : 0.000000,
        "10" : 0.000000,
        "20" : 0.000000,
        "50" : 0.000000,
        "100" : 0.000000,
        "250" : 0.000000,
        "500" : 0.000000,
        "750" : 0.000000,
        "1000" : 0.000000,
        "2000" : 0.000000,
        ">=2000" : 0.000000
      },
      "latency_depth" : 8,
      "latency_target" : 0,
      "latency_percentile" : 100.000000,
      "latency_window" : 0
    }
  ],
  "disk_util" : [
    {
      "name" : "nvme1n1",
      "read_ios" : 11117,
      "write_ios" : 0,
      "read_sectors" : 2876560,
      "write_sectors" : 0,
      "read_merges" : 0,
      "write_merges" : 0,
      "read_ticks" : 10193,
      "write_ticks" : 0,
      "in_queue" : 10193,
      "util" : 11.000689
    }
  ]
}
