{
  "fio version" : "fio-3.36",
  "timestamp" : 1778127127,
  "timestamp_ms" : 1778127127868,
  "time" : "Thu May  7 04:12:07 2026",
  "global options" : {
    "ioengine" : "io_uring",
    "direct" : "1",
    "group_reporting" : "1",
    "time_based" : "1",
    "runtime" : "90",
    "randseed" : "42",
    "filename" : "/dev/nvme1n1"
  },
  "jobs" : [
    {
      "jobname" : "bimodal_blocksize_read",
      "groupid" : 0,
      "job_start" : 1778127037849,
      "error" : 0,
      "eta" : 0,
      "elapsed" : 91,
      "job options" : {
        "rw" : "randread",
        "bsrange" : "4k-256k",
        "iodepth" : "8",
        "rate_iops" : "4000"
      },
      "read" : {
        "io_bytes" : 1474600960,
        "io_kbytes" : 1440040,
        "bw_bytes" : 16384091,
        "bw" : 16000,
        "iops" : 123.663919,
        "runtime" : 90002,
        "total_ios" : 11130,
        "short_ios" : 0,
        "drop_ios" : 0,
        "slat_ns" : {
          "min" : 2412,
          "max" : 158987,
          "mean" : 9609.488949,
          "stddev" : 4979.150589,
          "N" : 11130
        },
        "clat_ns" : {
          "min" : 431952,
          "max" : 1734821,
          "mean" : 1019270.344115,
          "stddev" : 263788.801136,
          "N" : 11130,
          "percentile" : {
            "1.000000" : 528384,
            "5.000000" : 610304,
            "10.000000" : 667648,
            "20.000000" : 757760,
            "30.000000" : 847872,
            "40.000000" : 929792,
            "50.000000" : 1019904,
            "60.000000" : 1105920,
            "70.000000" : 1187840,
            "80.000000" : 1286144,
            "90.000000" : 1368064,
            "95.000000" : 1433600,
            "99.000000" : 1531904,
            "99.500000" : 1564672,
            "99.900000" : 1597440,
            "99.950000" : 1613824,
            "99.990000" : 1662976
          }
        },
        "lat_ns" : {
          "min" : 436819,
          "max" : 1750099,
          "mean" : 1028879.833064,
          "stddev" : 266247.284031,
          "N" : 11130
        },
        "bw_min" : 15600,
        "bw_max" : 16448,
        "bw_agg" : 100.000000,
        "bw_mean" : 16007.061453,
        "bw_dev" : 158.567221,
        "bw_samples" : 179,
        "iops_min" : 98,
        "iops_max" : 144,
        "iops_mean" : 123.620112,
        "iops_stddev" : 8.766050,
        "iops_samples" : 179
      },
      "write" : {
        "io_bytes" : 0,
        "io_kbytes" : 0,
        "bw_bytes" : 0,
        "bw" : 0,
        "iops" : 0.000000,
        "runtime" : 0,
        "total_ios" : 0,
        "short_ios" : 0,
        "drop_ios" : 0,
        "slat_ns" : {
          "min" : 0,
          "max" : 0,
          "mean" : 0.000000,
          "stddev" : 0.000000,
          "N" : 0
        },
        "clat_ns" : {
          "min" : 0,
          "max" : 0,
          "mean" : 0.000000,
          "stddev" : 0.000000,
          "N" : 0
        },
        "lat_ns" : {
          "min" : 0,
          "max" : 0,
          "mean" : 0.000000,
          "stddev" : 0.000000,
          "N" : 0
        },
        "bw_min" : 0,
        "bw_max" : 0,
        "bw_agg" : 0.000000,
        "bw_mean" : 0.000000,
        "bw_dev" : 0.000000,
        "bw_samples" : 0,
        "iops_min" : 0,
        "iops_max" : 0,
        "iops_mean" : 0.000000,
        "iops_stddev" : 0.000000,
        "iops_samples" : 0
      },
      "trim" : {
        "io_bytes" : 0,
        "io_kbytes" : 0,
        "bw_bytes" : 0,
        "bw" : 0,
        "iops" : 0.000000,
        "runtime" : 0,
        "total_ios" : 0,
        "short_ios" : 0,
        "drop_ios" : 0,
        "slat_ns" : {
          "min" : 0,
          "max" : 0,
          "mean" : 0.000000,
          "stddev" : 0.000000,
          "N" : 0
        },
        "clat_ns" : {
          "min" : 0,
          "max" : 0,
          "mean" : 0.000000,
          "stddev" : 0.000000,
          "N" : 0
        },
        "lat_ns" : {
          "min" : 0,
          "max" : 0,
          "mean" : 0.000000,
          "stddev" : 0.000000,
          "N" : 0
        },
        "bw_min" : 0,
        "bw_max" : 0,
        "bw_agg" : 0.000000,
        "bw_mean" : 0.000000,
        "bw_dev" : 0.000000,
        "bw_samples" : 0,
        "iops_min" : 0,
        "iops_max" : 0,
        "iops_mean" : 0.000000,
        "iops_stddev" : 0.000000,
        "iops_samples" : 0
      },
      "sync" : {
        "total_ios" : 0,
        "lat_ns" : {
          "min" : 0,
          "max" : 0,
          "mean" : 0.000000,
          "stddev" : 0.000000,
          "N" : 0
        }
      },
      "job_runtime" : 90001,
      "usr_cpu" : 0.309997,
      "sys_cpu" : 0.212220,
      "ctx" : 21594,
      "majf" : 0,
      "minf" : 265,
      "iodepth_level" : {
        "1" : 94.519317,
        "2" : 5.480683,
        "4" : 0.000000,
        "8" : 0.000000,
        "16" : 0.000000,
        "32" : 0.000000,
        ">=64" : 0.000000
      },
      "iodepth_submit" : {
        "0" : 0.000000,
        "4" : 100.000000,
        "8" : 0.000000,
        "16" : 0.000000,
        "32" : 0.000000,
        "64" : 0.000000,
        ">=64" : 0.000000
      },
      "iodepth_complete" : {
        "0" : 0.000000,
        "4" : 100.000000,
        "8" : 0.000000,
        "16" : 0.000000,
        "32" : 0.000000,
        "64" : 0.000000,
        ">=64" : 0.000000
      },
      "latency_ns" : {
        "2" : 0.000000,
        "4" : 0.000000,
        "10" : 0.000000,
        "20" : 0.000000,
        "50" : 0.000000,
        "100" : 0.000000,
        "250" : 0.000000,
        "500" : 0.000000,
        "750" : 0.000000,
        "1000" : 0.000000
      },
      "latency_us" : {
        "2" : 0.000000,
        "4" : 0.000000,
        "10" : 0.000000,
        "20" : 0.000000,
        "50" : 0.000000,
        "100" : 0.000000,
        "250" : 0.000000,
        "500" : 0.422282,
        "750" : 18.769093,
        "1000" : 29.074573
      },
      "latency_ms" : {
        "2" : 51.734052,
        "4" : 0.000000,
        "10" : 0.000000,
        "20" : 0.000000,
        "50" : 0.000000,
        "100" : 0.000000,
        "250" : 0.000000,
        "500" : 0.000000,
        "750" : 0.000000,
        "1000" : 0.000000,
        "2000" : 0.000000,
        ">=2000" : 0.000000
      },
      "latency_depth" : 8,
      "latency_target" : 0,
      "latency_percentile" : 100.000000,
      "latency_window" : 0
    }
  ],
  "disk_util" : [
    {
      "name" : "nvme1n1",
      "read_ios" : 11117,
      "write_ios" : 0,
      "read_sectors" : 2876560,
      "write_sectors" : 0,
      "read_merges" : 0,
      "write_merges" : 0,
      "read_ticks" : 11266,
      "write_ticks" : 0,
      "in_queue" : 11266,
      "util" : 12.151361
    }
  ]
}
