{
  "fio version" : "fio-3.36",
  "timestamp" : 1778126270,
  "timestamp_ms" : 1778126270556,
  "time" : "Thu May  7 03:57:50 2026",
  "global options" : {
    "ioengine" : "io_uring",
    "direct" : "1",
    "group_reporting" : "1",
    "time_based" : "1",
    "runtime" : "90",
    "randseed" : "42",
    "filename" : "/dev/nvme1n1"
  },
  "jobs" : [
    {
      "jobname" : "baseline_4k_read",
      "groupid" : 0,
      "job_start" : 1778126180543,
      "error" : 0,
      "eta" : 0,
      "elapsed" : 91,
      "job options" : {
        "rw" : "randread",
        "bs" : "4k",
        "iodepth" : "4",
        "rate_iops" : "2000"
      },
      "read" : {
        "io_bytes" : 737280000,
        "io_kbytes" : 720000,
        "bw_bytes" : 8191908,
        "bw" : 7999,
        "iops" : 1999.977778,
        "runtime" : 90001,
        "total_ios" : 180000,
        "short_ios" : 0,
        "drop_ios" : 0,
        "slat_ns" : {
          "min" : 1702,
          "max" : 70684,
          "mean" : 2504.423028,
          "stddev" : 796.860955,
          "N" : 180000
        },
        "clat_ns" : {
          "min" : 266556,
          "max" : 2271813,
          "mean" : 574706.058806,
          "stddev" : 104245.719474,
          "N" : 180000,
          "percentile" : {
            "1.000000" : 309248,
            "5.000000" : 497664,
            "10.000000" : 528384,
            "20.000000" : 544768,
            "30.000000" : 552960,
            "40.000000" : 561152,
            "50.000000" : 569344,
            "60.000000" : 577536,
            "70.000000" : 593920,
            "80.000000" : 610304,
            "90.000000" : 618496,
            "95.000000" : 634880,
            "99.000000" : 684032,
            "99.500000" : 733184,
            "99.900000" : 2023424,
            "99.950000" : 2088960,
            "99.990000" : 2146304
          }
        },
        "lat_ns" : {
          "min" : 272898,
          "max" : 2274673,
          "mean" : 577210.481833,
          "stddev" : 104234.597597,
          "N" : 180000
        },
        "bw_min" : 7944,
        "bw_max" : 8056,
        "bw_agg" : 100.000000,
        "bw_mean" : 8003.128492,
        "bw_dev" : 8.577487,
        "bw_samples" : 179,
        "iops_min" : 1986,
        "iops_max" : 2014,
        "iops_mean" : 2000.782123,
        "iops_stddev" : 2.144372,
        "iops_samples" : 179
      },
      "write" : {
        "io_bytes" : 0,
        "io_kbytes" : 0,
        "bw_bytes" : 0,
        "bw" : 0,
        "iops" : 0.000000,
        "runtime" : 0,
        "total_ios" : 0,
        "short_ios" : 0,
        "drop_ios" : 0,
        "slat_ns" : {
          "min" : 0,
          "max" : 0,
          "mean" : 0.000000,
          "stddev" : 0.000000,
          "N" : 0
        },
        "clat_ns" : {
          "min" : 0,
          "max" : 0,
          "mean" : 0.000000,
          "stddev" : 0.000000,
          "N" : 0
        },
        "lat_ns" : {
          "min" : 0,
          "max" : 0,
          "mean" : 0.000000,
          "stddev" : 0.000000,
          "N" : 0
        },
        "bw_min" : 0,
        "bw_max" : 0,
        "bw_agg" : 0.000000,
        "bw_mean" : 0.000000,
        "bw_dev" : 0.000000,
        "bw_samples" : 0,
        "iops_min" : 0,
        "iops_max" : 0,
        "iops_mean" : 0.000000,
        "iops_stddev" : 0.000000,
        "iops_samples" : 0
      },
      "trim" : {
        "io_bytes" : 0,
        "io_kbytes" : 0,
        "bw_bytes" : 0,
        "bw" : 0,
        "iops" : 0.000000,
        "runtime" : 0,
        "total_ios" : 0,
        "short_ios" : 0,
        "drop_ios" : 0,
        "slat_ns" : {
          "min" : 0,
          "max" : 0,
          "mean" : 0.000000,
          "stddev" : 0.000000,
          "N" : 0
        },
        "clat_ns" : {
          "min" : 0,
          "max" : 0,
          "mean" : 0.000000,
          "stddev" : 0.000000,
          "N" : 0
        },
        "lat_ns" : {
          "min" : 0,
          "max" : 0,
          "mean" : 0.000000,
          "stddev" : 0.000000,
          "N" : 0
        },
        "bw_min" : 0,
        "bw_max" : 0,
        "bw_agg" : 0.000000,
        "bw_mean" : 0.000000,
        "bw_dev" : 0.000000,
        "bw_samples" : 0,
        "iops_min" : 0,
        "iops_max" : 0,
        "iops_mean" : 0.000000,
        "iops_stddev" : 0.000000,
        "iops_samples" : 0
      },
      "sync" : {
        "total_ios" : 0,
        "lat_ns" : {
          "min" : 0,
          "max" : 0,
          "mean" : 0.000000,
          "stddev" : 0.000000,
          "N" : 0
        }
      },
      "job_runtime" : 90000,
      "usr_cpu" : 1.666667,
      "sys_cpu" : 1.520000,
      "ctx" : 236928,
      "majf" : 0,
      "minf" : 14,
      "iodepth_level" : {
        "1" : 50.976111,
        "2" : 48.632778,
        "4" : 0.391111,
        "8" : 0.000000,
        "16" : 0.000000,
        "32" : 0.000000,
        ">=64" : 0.000000
      },
      "iodepth_submit" : {
        "0" : 0.000000,
        "4" : 100.000000,
        "8" : 0.000000,
        "16" : 0.000000,
        "32" : 0.000000,
        "64" : 0.000000,
        ">=64" : 0.000000
      },
      "iodepth_complete" : {
        "0" : 0.000000,
        "4" : 100.000000,
        "8" : 0.000000,
        "16" : 0.000000,
        "32" : 0.000000,
        "64" : 0.000000,
        ">=64" : 0.000000
      },
      "latency_ns" : {
        "2" : 0.000000,
        "4" : 0.000000,
        "10" : 0.000000,
        "20" : 0.000000,
        "50" : 0.000000,
        "100" : 0.000000,
        "250" : 0.000000,
        "500" : 0.000000,
        "750" : 0.000000,
        "1000" : 0.000000
      },
      "latency_us" : {
        "2" : 0.000000,
        "4" : 0.000000,
        "10" : 0.000000,
        "20" : 0.000000,
        "50" : 0.000000,
        "100" : 0.000000,
        "250" : 0.000000,
        "500" : 5.155000,
        "750" : 94.365556,
        "1000" : 0.075000
      },
      "latency_ms" : {
        "2" : 0.248889,
        "4" : 0.155556,
        "10" : 0.000000,
        "20" : 0.000000,
        "50" : 0.000000,
        "100" : 0.000000,
        "250" : 0.000000,
        "500" : 0.000000,
        "750" : 0.000000,
        "1000" : 0.000000,
        "2000" : 0.000000,
        ">=2000" : 0.000000
      },
      "latency_depth" : 4,
      "latency_target" : 0,
      "latency_percentile" : 100.000000,
      "latency_window" : 0
    }
  ],
  "disk_util" : [
    {
      "name" : "nvme1n1",
      "read_ios" : 179776,
      "write_ios" : 0,
      "read_sectors" : 1438208,
      "write_sectors" : 0,
      "read_merges" : 0,
      "write_merges" : 0,
      "read_ticks" : 102105,
      "write_ticks" : 0,
      "in_queue" : 102105,
      "util" : 51.330651
    }
  ]
}
