{
  "fio version" : "fio-3.36",
  "timestamp" : 1778126698,
  "timestamp_ms" : 1778126698524,
  "time" : "Thu May  7 04:04:58 2026",
  "global options" : {
    "ioengine" : "io_uring",
    "direct" : "1",
    "group_reporting" : "1",
    "time_based" : "1",
    "runtime" : "90",
    "randseed" : "42",
    "filename" : "/dev/nvme1n1"
  },
  "jobs" : [
    {
      "jobname" : "heavy_tail_4k_read",
      "groupid" : 0,
      "job_start" : 1778126608465,
      "error" : 0,
      "eta" : 0,
      "elapsed" : 91,
      "job options" : {
        "rw" : "randread",
        "bs" : "4k",
        "iodepth" : "128",
        "rate_iops" : "12000"
      },
      "read" : {
        "io_bytes" : 1118728192,
        "io_kbytes" : 1092508,
        "bw_bytes" : 12424377,
        "bw" : 12133,
        "iops" : 3033.295203,
        "runtime" : 90043,
        "total_ios" : 273127,
        "short_ios" : 0,
        "drop_ios" : 0,
        "slat_ns" : {
          "min" : 1708,
          "max" : 78839,
          "mean" : 3562.258052,
          "stddev" : 1400.202352,
          "N" : 273127
        },
        "clat_ns" : {
          "min" : 275019,
          "max" : 248608487,
          "mean" : 42031661.926235,
          "stddev" : 18285833.654469,
          "N" : 273127,
          "percentile" : {
            "1.000000" : 342016,
            "5.000000" : 10813440,
            "10.000000" : 20054016,
            "20.000000" : 29491200,
            "30.000000" : 35913728,
            "40.000000" : 41156608,
            "50.000000" : 41680896,
            "60.000000" : 42729472,
            "70.000000" : 49545216,
            "80.000000" : 51118080,
            "90.000000" : 60555264,
            "95.000000" : 71827456,
            "99.000000" : 101187584,
            "99.500000" : 112721920,
            "99.900000" : 145752064,
            "99.950000" : 160432128,
            "99.990000" : 196083712
          }
        },
        "lat_ns" : {
          "min" : 278115,
          "max" : 248612154,
          "mean" : 42035224.184287,
          "stddev" : 18285876.658854,
          "N" : 273127
        },
        "bw_min" : 9640,
        "bw_max" : 35992,
        "bw_agg" : 99.998511,
        "bw_mean" : 12133.333333,
        "bw_dev" : 1807.139361,
        "bw_samples" : 180,
        "iops_min" : 2410,
        "iops_max" : 8998,
        "iops_mean" : 3033.333333,
        "iops_stddev" : 451.784840,
        "iops_samples" : 180
      },
      "write" : {
        "io_bytes" : 0,
        "io_kbytes" : 0,
        "bw_bytes" : 0,
        "bw" : 0,
        "iops" : 0.000000,
        "runtime" : 0,
        "total_ios" : 0,
        "short_ios" : 0,
        "drop_ios" : 0,
        "slat_ns" : {
          "min" : 0,
          "max" : 0,
          "mean" : 0.000000,
          "stddev" : 0.000000,
          "N" : 0
        },
        "clat_ns" : {
          "min" : 0,
          "max" : 0,
          "mean" : 0.000000,
          "stddev" : 0.000000,
          "N" : 0
        },
        "lat_ns" : {
          "min" : 0,
          "max" : 0,
          "mean" : 0.000000,
          "stddev" : 0.000000,
          "N" : 0
        },
        "bw_min" : 0,
        "bw_max" : 0,
        "bw_agg" : 0.000000,
        "bw_mean" : 0.000000,
        "bw_dev" : 0.000000,
        "bw_samples" : 0,
        "iops_min" : 0,
        "iops_max" : 0,
        "iops_mean" : 0.000000,
        "iops_stddev" : 0.000000,
        "iops_samples" : 0
      },
      "trim" : {
        "io_bytes" : 0,
        "io_kbytes" : 0,
        "bw_bytes" : 0,
        "bw" : 0,
        "iops" : 0.000000,
        "runtime" : 0,
        "total_ios" : 0,
        "short_ios" : 0,
        "drop_ios" : 0,
        "slat_ns" : {
          "min" : 0,
          "max" : 0,
          "mean" : 0.000000,
          "stddev" : 0.000000,
          "N" : 0
        },
        "clat_ns" : {
          "min" : 0,
          "max" : 0,
          "mean" : 0.000000,
          "stddev" : 0.000000,
          "N" : 0
        },
        "lat_ns" : {
          "min" : 0,
          "max" : 0,
          "mean" : 0.000000,
          "stddev" : 0.000000,
          "N" : 0
        },
        "bw_min" : 0,
        "bw_max" : 0,
        "bw_agg" : 0.000000,
        "bw_mean" : 0.000000,
        "bw_dev" : 0.000000,
        "bw_samples" : 0,
        "iops_min" : 0,
        "iops_max" : 0,
        "iops_mean" : 0.000000,
        "iops_stddev" : 0.000000,
        "iops_samples" : 0
      },
      "sync" : {
        "total_ios" : 0,
        "lat_ns" : {
          "min" : 0,
          "max" : 0,
          "mean" : 0.000000,
          "stddev" : 0.000000,
          "N" : 0
        }
      },
      "job_runtime" : 90042,
      "usr_cpu" : 1.512627,
      "sys_cpu" : 2.633216,
      "ctx" : 335235,
      "majf" : 0,
      "minf" : 140,
      "iodepth_level" : {
        "1" : 0.266909,
        "2" : 0.533818,
        "4" : 0.634869,
        "8" : 0.100000,
        "16" : 0.100000,
        "32" : 0.100000,
        ">=64" : 98.483123
      },
      "iodepth_submit" : {
        "0" : 0.000000,
        "4" : 100.000000,
        "8" : 0.000000,
        "16" : 0.000000,
        "32" : 0.000000,
        "64" : 0.000000,
        ">=64" : 0.000000
      },
      "iodepth_complete" : {
        "0" : 0.000000,
        "4" : 99.999634,
        "8" : 0.000000,
        "16" : 0.000000,
        "32" : 0.000000,
        "64" : 0.000000,
        ">=64" : 0.100000
      },
      "latency_ns" : {
        "2" : 0.000000,
        "4" : 0.000000,
        "10" : 0.000000,
        "20" : 0.000000,
        "50" : 0.000000,
        "100" : 0.000000,
        "250" : 0.000000,
        "500" : 0.000000,
        "750" : 0.000000,
        "1000" : 0.000000
      },
      "latency_us" : {
        "2" : 0.000000,
        "4" : 0.000000,
        "10" : 0.000000,
        "20" : 0.000000,
        "50" : 0.000000,
        "100" : 0.000000,
        "250" : 0.000000,
        "500" : 1.236421,
        "750" : 0.230662,
        "1000" : 0.014279
      },
      "latency_ms" : {
        "2" : 0.021236,
        "4" : 0.046132,
        "10" : 0.098123,
        "20" : 8.782361,
        "50" : 61.108935,
        "100" : 27.347717,
        "250" : 1.114134,
        "500" : 0.000000,
        "750" : 0.000000,
        "1000" : 0.000000,
        "2000" : 0.000000,
        ">=2000" : 0.000000
      },
      "latency_depth" : 128,
      "latency_target" : 0,
      "latency_percentile" : 100.000000,
      "latency_window" : 0
    }
  ],
  "disk_util" : [
    {
      "name" : "nvme1n1",
      "read_ios" : 272674,
      "write_ios" : 0,
      "read_sectors" : 2181392,
      "write_sectors" : 0,
      "read_merges" : 0,
      "write_merges" : 0,
      "read_ticks" : 5441594,
      "write_ticks" : 0,
      "in_queue" : 5441594,
      "util" : 99.879940
    }
  ]
}
