{
  "fio version" : "fio-3.36",
  "timestamp" : 1778126805,
  "timestamp_ms" : 1778126805570,
  "time" : "Thu May  7 04:06:45 2026",
  "global options" : {
    "ioengine" : "io_uring",
    "direct" : "1",
    "group_reporting" : "1",
    "time_based" : "1",
    "runtime" : "90",
    "randseed" : "42",
    "filename" : "/dev/nvme1n1"
  },
  "jobs" : [
    {
      "jobname" : "heavy_tail_4k_read",
      "groupid" : 0,
      "job_start" : 1778126715536,
      "error" : 0,
      "eta" : 0,
      "elapsed" : 91,
      "job options" : {
        "rw" : "randread",
        "bs" : "4k",
        "iodepth" : "128",
        "rate_iops" : "12000"
      },
      "read" : {
        "io_bytes" : 1118343168,
        "io_kbytes" : 1092132,
        "bw_bytes" : 12422860,
        "bw" : 12131,
        "iops" : 3032.924919,
        "runtime" : 90023,
        "total_ios" : 273033,
        "short_ios" : 0,
        "drop_ios" : 0,
        "slat_ns" : {
          "min" : 1667,
          "max" : 1705531,
          "mean" : 3553.775877,
          "stddev" : 3951.371282,
          "N" : 273033
        },
        "clat_ns" : {
          "min" : 325083,
          "max" : 315655969,
          "mean" : 42045304.029407,
          "stddev" : 19333803.306333,
          "N" : 273033,
          "percentile" : {
            "1.000000" : 610304,
            "5.000000" : 10682368,
            "10.000000" : 20054016,
            "20.000000" : 29229056,
            "30.000000" : 32636928,
            "40.000000" : 41156608,
            "50.000000" : 41680896,
            "60.000000" : 42729472,
            "70.000000" : 50069504,
            "80.000000" : 51642368,
            "90.000000" : 61603840,
            "95.000000" : 72876032,
            "99.000000" : 104333312,
            "99.500000" : 120061952,
            "99.900000" : 164626432,
            "99.950000" : 185597952,
            "99.990000" : 219152384
          }
        },
        "lat_ns" : {
          "min" : 327708,
          "max" : 315658952,
          "mean" : 42048857.805283,
          "stddev" : 19333840.049104,
          "N" : 273033
        },
        "bw_min" : 9224,
        "bw_max" : 35976,
        "bw_agg" : 100.000000,
        "bw_mean" : 12135.553073,
        "bw_dev" : 1826.239060,
        "bw_samples" : 179,
        "iops_min" : 2306,
        "iops_max" : 8994,
        "iops_mean" : 3033.877095,
        "iops_stddev" : 456.560574,
        "iops_samples" : 179
      },
      "write" : {
        "io_bytes" : 0,
        "io_kbytes" : 0,
        "bw_bytes" : 0,
        "bw" : 0,
        "iops" : 0.000000,
        "runtime" : 0,
        "total_ios" : 0,
        "short_ios" : 0,
        "drop_ios" : 0,
        "slat_ns" : {
          "min" : 0,
          "max" : 0,
          "mean" : 0.000000,
          "stddev" : 0.000000,
          "N" : 0
        },
        "clat_ns" : {
          "min" : 0,
          "max" : 0,
          "mean" : 0.000000,
          "stddev" : 0.000000,
          "N" : 0
        },
        "lat_ns" : {
          "min" : 0,
          "max" : 0,
          "mean" : 0.000000,
          "stddev" : 0.000000,
          "N" : 0
        },
        "bw_min" : 0,
        "bw_max" : 0,
        "bw_agg" : 0.000000,
        "bw_mean" : 0.000000,
        "bw_dev" : 0.000000,
        "bw_samples" : 0,
        "iops_min" : 0,
        "iops_max" : 0,
        "iops_mean" : 0.000000,
        "iops_stddev" : 0.000000,
        "iops_samples" : 0
      },
      "trim" : {
        "io_bytes" : 0,
        "io_kbytes" : 0,
        "bw_bytes" : 0,
        "bw" : 0,
        "iops" : 0.000000,
        "runtime" : 0,
        "total_ios" : 0,
        "short_ios" : 0,
        "drop_ios" : 0,
        "slat_ns" : {
          "min" : 0,
          "max" : 0,
          "mean" : 0.000000,
          "stddev" : 0.000000,
          "N" : 0
        },
        "clat_ns" : {
          "min" : 0,
          "max" : 0,
          "mean" : 0.000000,
          "stddev" : 0.000000,
          "N" : 0
        },
        "lat_ns" : {
          "min" : 0,
          "max" : 0,
          "mean" : 0.000000,
          "stddev" : 0.000000,
          "N" : 0
        },
        "bw_min" : 0,
        "bw_max" : 0,
        "bw_agg" : 0.000000,
        "bw_mean" : 0.000000,
        "bw_dev" : 0.000000,
        "bw_samples" : 0,
        "iops_min" : 0,
        "iops_max" : 0,
        "iops_mean" : 0.000000,
        "iops_stddev" : 0.000000,
        "iops_samples" : 0
      },
      "sync" : {
        "total_ios" : 0,
        "lat_ns" : {
          "min" : 0,
          "max" : 0,
          "mean" : 0.000000,
          "stddev" : 0.000000,
          "N" : 0
        }
      },
      "job_runtime" : 90022,
      "usr_cpu" : 1.452978,
      "sys_cpu" : 2.727111,
      "ctx" : 335577,
      "majf" : 0,
      "minf" : 137,
      "iodepth_level" : {
        "1" : 0.159688,
        "2" : 0.319375,
        "4" : 0.636553,
        "8" : 0.292639,
        "16" : 0.100000,
        "32" : 0.100000,
        ">=64" : 98.498716
      },
      "iodepth_submit" : {
        "0" : 0.000000,
        "4" : 100.000000,
        "8" : 0.000000,
        "16" : 0.000000,
        "32" : 0.000000,
        "64" : 0.000000,
        ">=64" : 0.000000
      },
      "iodepth_complete" : {
        "0" : 0.000000,
        "4" : 99.999634,
        "8" : 0.000000,
        "16" : 0.000000,
        "32" : 0.000000,
        "64" : 0.000000,
        ">=64" : 0.100000
      },
      "latency_ns" : {
        "2" : 0.000000,
        "4" : 0.000000,
        "10" : 0.000000,
        "20" : 0.000000,
        "50" : 0.000000,
        "100" : 0.000000,
        "250" : 0.000000,
        "500" : 0.000000,
        "750" : 0.000000,
        "1000" : 0.000000
      },
      "latency_us" : {
        "2" : 0.000000,
        "4" : 0.000000,
        "10" : 0.000000,
        "20" : 0.000000,
        "50" : 0.000000,
        "100" : 0.000000,
        "250" : 0.000000,
        "500" : 0.041021,
        "750" : 1.333172,
        "1000" : 0.071054
      },
      "latency_ms" : {
        "2" : 0.127823,
        "4" : 0.096325,
        "10" : 0.144305,
        "20" : 9.118678,
        "50" : 59.781052,
        "100" : 28.048990,
        "250" : 1.235382,
        "500" : 0.010000,
        "750" : 0.000000,
        "1000" : 0.000000,
        "2000" : 0.000000,
        ">=2000" : 0.000000
      },
      "latency_depth" : 128,
      "latency_target" : 0,
      "latency_percentile" : 100.000000,
      "latency_window" : 0
    }
  ],
  "disk_util" : [
    {
      "name" : "nvme1n1",
      "read_ios" : 272353,
      "write_ios" : 0,
      "read_sectors" : 2178824,
      "write_sectors" : 0,
      "read_merges" : 0,
      "write_merges" : 0,
      "read_ticks" : 5450750,
      "write_ticks" : 0,
      "in_queue" : 5450750,
      "util" : 99.855477
    }
  ]
}
