{
  "fio version" : "fio-3.36",
  "timestamp" : 1778126591,
  "timestamp_ms" : 1778126591514,
  "time" : "Thu May  7 04:03:11 2026",
  "global options" : {
    "ioengine" : "io_uring",
    "direct" : "1",
    "group_reporting" : "1",
    "time_based" : "1",
    "runtime" : "90",
    "randseed" : "42",
    "filename" : "/dev/nvme1n1"
  },
  "jobs" : [
    {
      "jobname" : "heavy_tail_4k_read",
      "groupid" : 0,
      "job_start" : 1778126501455,
      "error" : 0,
      "eta" : 0,
      "elapsed" : 91,
      "job options" : {
        "rw" : "randread",
        "bs" : "4k",
        "iodepth" : "128",
        "rate_iops" : "12000"
      },
      "read" : {
        "io_bytes" : 1118728192,
        "io_kbytes" : 1092508,
        "bw_bytes" : 12424377,
        "bw" : 12133,
        "iops" : 3033.295203,
        "runtime" : 90043,
        "total_ios" : 273127,
        "short_ios" : 0,
        "drop_ios" : 0,
        "slat_ns" : {
          "min" : 1728,
          "max" : 56843,
          "mean" : 3575.455671,
          "stddev" : 1343.201952,
          "N" : 273127
        },
        "clat_ns" : {
          "min" : 474764,
          "max" : 281307773,
          "mean" : 42030654.640267,
          "stddev" : 20236167.651817,
          "N" : 273127,
          "percentile" : {
            "1.000000" : 602112,
            "5.000000" : 10682368,
            "10.000000" : 19791872,
            "20.000000" : 24248320,
            "30.000000" : 32112640,
            "40.000000" : 40632320,
            "50.000000" : 41680896,
            "60.000000" : 42729472,
            "70.000000" : 50069504,
            "80.000000" : 52690944,
            "90.000000" : 63700992,
            "95.000000" : 76021760,
            "99.000000" : 106430464,
            "99.500000" : 121110528,
            "99.900000" : 162529280,
            "99.950000" : 177209344,
            "99.990000" : 204472320
          }
        },
        "lat_ns" : {
          "min" : 477120,
          "max" : 281311527,
          "mean" : 42034230.095937,
          "stddev" : 20236231.042027,
          "N" : 273127
        },
        "bw_min" : 9224,
        "bw_max" : 36000,
        "bw_agg" : 99.998511,
        "bw_mean" : 12133.333333,
        "bw_dev" : 2216.791017,
        "bw_samples" : 180,
        "iops_min" : 2306,
        "iops_max" : 9000,
        "iops_mean" : 3033.333333,
        "iops_stddev" : 554.197754,
        "iops_samples" : 180
      },
      "write" : {
        "io_bytes" : 0,
        "io_kbytes" : 0,
        "bw_bytes" : 0,
        "bw" : 0,
        "iops" : 0.000000,
        "runtime" : 0,
        "total_ios" : 0,
        "short_ios" : 0,
        "drop_ios" : 0,
        "slat_ns" : {
          "min" : 0,
          "max" : 0,
          "mean" : 0.000000,
          "stddev" : 0.000000,
          "N" : 0
        },
        "clat_ns" : {
          "min" : 0,
          "max" : 0,
          "mean" : 0.000000,
          "stddev" : 0.000000,
          "N" : 0
        },
        "lat_ns" : {
          "min" : 0,
          "max" : 0,
          "mean" : 0.000000,
          "stddev" : 0.000000,
          "N" : 0
        },
        "bw_min" : 0,
        "bw_max" : 0,
        "bw_agg" : 0.000000,
        "bw_mean" : 0.000000,
        "bw_dev" : 0.000000,
        "bw_samples" : 0,
        "iops_min" : 0,
        "iops_max" : 0,
        "iops_mean" : 0.000000,
        "iops_stddev" : 0.000000,
        "iops_samples" : 0
      },
      "trim" : {
        "io_bytes" : 0,
        "io_kbytes" : 0,
        "bw_bytes" : 0,
        "bw" : 0,
        "iops" : 0.000000,
        "runtime" : 0,
        "total_ios" : 0,
        "short_ios" : 0,
        "drop_ios" : 0,
        "slat_ns" : {
          "min" : 0,
          "max" : 0,
          "mean" : 0.000000,
          "stddev" : 0.000000,
          "N" : 0
        },
        "clat_ns" : {
          "min" : 0,
          "max" : 0,
          "mean" : 0.000000,
          "stddev" : 0.000000,
          "N" : 0
        },
        "lat_ns" : {
          "min" : 0,
          "max" : 0,
          "mean" : 0.000000,
          "stddev" : 0.000000,
          "N" : 0
        },
        "bw_min" : 0,
        "bw_max" : 0,
        "bw_agg" : 0.000000,
        "bw_mean" : 0.000000,
        "bw_dev" : 0.000000,
        "bw_samples" : 0,
        "iops_min" : 0,
        "iops_max" : 0,
        "iops_mean" : 0.000000,
        "iops_stddev" : 0.000000,
        "iops_samples" : 0
      },
      "sync" : {
        "total_ios" : 0,
        "lat_ns" : {
          "min" : 0,
          "max" : 0,
          "mean" : 0.000000,
          "stddev" : 0.000000,
          "N" : 0
        }
      },
      "job_runtime" : 90042,
      "usr_cpu" : 1.441549,
      "sys_cpu" : 2.767597,
      "ctx" : 346276,
      "majf" : 0,
      "minf" : 139,
      "iodepth_level" : {
        "1" : 0.177939,
        "2" : 0.355878,
        "4" : 0.710292,
        "8" : 0.238717,
        "16" : 0.100000,
        "32" : 0.100000,
        ">=64" : 98.478730
      },
      "iodepth_submit" : {
        "0" : 0.000000,
        "4" : 100.000000,
        "8" : 0.000000,
        "16" : 0.000000,
        "32" : 0.000000,
        "64" : 0.000000,
        ">=64" : 0.000000
      },
      "iodepth_complete" : {
        "0" : 0.000000,
        "4" : 99.999634,
        "8" : 0.000000,
        "16" : 0.000000,
        "32" : 0.000000,
        "64" : 0.000000,
        ">=64" : 0.100000
      },
      "latency_ns" : {
        "2" : 0.000000,
        "4" : 0.000000,
        "10" : 0.000000,
        "20" : 0.000000,
        "50" : 0.000000,
        "100" : 0.000000,
        "250" : 0.000000,
        "500" : 0.000000,
        "750" : 0.000000,
        "1000" : 0.000000
      },
      "latency_us" : {
        "2" : 0.000000,
        "4" : 0.000000,
        "10" : 0.000000,
        "20" : 0.000000,
        "50" : 0.000000,
        "100" : 0.000000,
        "250" : 0.000000,
        "500" : 0.010000,
        "750" : 1.463056,
        "1000" : 0.032586
      },
      "latency_ms" : {
        "2" : 0.119358,
        "4" : 0.083112,
        "10" : 0.643290,
        "20" : 8.440396,
        "50" : 57.812666,
        "100" : 30.001794,
        "250" : 1.398617,
        "500" : 0.010000,
        "750" : 0.000000,
        "1000" : 0.000000,
        "2000" : 0.000000,
        ">=2000" : 0.000000
      },
      "latency_depth" : 128,
      "latency_target" : 0,
      "latency_percentile" : 100.000000,
      "latency_window" : 0
    }
  ],
  "disk_util" : [
    {
      "name" : "nvme1n1",
      "read_ios" : 272670,
      "write_ios" : 0,
      "read_sectors" : 2181360,
      "write_sectors" : 0,
      "read_merges" : 0,
      "write_merges" : 0,
      "read_ticks" : 5442281,
      "write_ticks" : 0,
      "in_queue" : 5442281,
      "util" : 99.884385
    }
  ]
}
