{
  "fio version" : "fio-3.36",
  "timestamp" : 1778126484,
  "timestamp_ms" : 1778126484497,
  "time" : "Thu May  7 04:01:24 2026",
  "global options" : {
    "ioengine" : "io_uring",
    "direct" : "1",
    "group_reporting" : "1",
    "time_based" : "1",
    "runtime" : "90",
    "randseed" : "42",
    "filename" : "/dev/nvme1n1"
  },
  "jobs" : [
    {
      "jobname" : "baseline_4k_read",
      "groupid" : 0,
      "job_start" : 1778126394484,
      "error" : 0,
      "eta" : 0,
      "elapsed" : 91,
      "job options" : {
        "rw" : "randread",
        "bs" : "4k",
        "iodepth" : "4",
        "rate_iops" : "2000"
      },
      "read" : {
        "io_bytes" : 737280000,
        "io_kbytes" : 720000,
        "bw_bytes" : 8191908,
        "bw" : 7999,
        "iops" : 1999.977778,
        "runtime" : 90001,
        "total_ios" : 180000,
        "short_ios" : 0,
        "drop_ios" : 0,
        "slat_ns" : {
          "min" : 1654,
          "max" : 597681,
          "mean" : 2545.003350,
          "stddev" : 1897.801938,
          "N" : 180000
        },
        "clat_ns" : {
          "min" : 18495,
          "max" : 3044517,
          "mean" : 580198.393522,
          "stddev" : 180297.817026,
          "N" : 180000,
          "percentile" : {
            "1.000000" : 305152,
            "5.000000" : 477184,
            "10.000000" : 509952,
            "20.000000" : 544768,
            "30.000000" : 552960,
            "40.000000" : 561152,
            "50.000000" : 569344,
            "60.000000" : 577536,
            "70.000000" : 593920,
            "80.000000" : 610304,
            "90.000000" : 618496,
            "95.000000" : 643072,
            "99.000000" : 1925120,
            "99.500000" : 2072576,
            "99.900000" : 2572288,
            "99.950000" : 2801664,
            "99.990000" : 2965504
          }
        },
        "lat_ns" : {
          "min" : 275714,
          "max" : 3046949,
          "mean" : 582743.396872,
          "stddev" : 180300.490458,
          "N" : 180000
        },
        "bw_min" : 7360,
        "bw_max" : 8656,
        "bw_agg" : 100.000000,
        "bw_mean" : 8003.217877,
        "bw_dev" : 93.512797,
        "bw_samples" : 179,
        "iops_min" : 1840,
        "iops_max" : 2164,
        "iops_mean" : 2000.804469,
        "iops_stddev" : 23.378199,
        "iops_samples" : 179
      },
      "write" : {
        "io_bytes" : 0,
        "io_kbytes" : 0,
        "bw_bytes" : 0,
        "bw" : 0,
        "iops" : 0.000000,
        "runtime" : 0,
        "total_ios" : 0,
        "short_ios" : 0,
        "drop_ios" : 0,
        "slat_ns" : {
          "min" : 0,
          "max" : 0,
          "mean" : 0.000000,
          "stddev" : 0.000000,
          "N" : 0
        },
        "clat_ns" : {
          "min" : 0,
          "max" : 0,
          "mean" : 0.000000,
          "stddev" : 0.000000,
          "N" : 0
        },
        "lat_ns" : {
          "min" : 0,
          "max" : 0,
          "mean" : 0.000000,
          "stddev" : 0.000000,
          "N" : 0
        },
        "bw_min" : 0,
        "bw_max" : 0,
        "bw_agg" : 0.000000,
        "bw_mean" : 0.000000,
        "bw_dev" : 0.000000,
        "bw_samples" : 0,
        "iops_min" : 0,
        "iops_max" : 0,
        "iops_mean" : 0.000000,
        "iops_stddev" : 0.000000,
        "iops_samples" : 0
      },
      "trim" : {
        "io_bytes" : 0,
        "io_kbytes" : 0,
        "bw_bytes" : 0,
        "bw" : 0,
        "iops" : 0.000000,
        "runtime" : 0,
        "total_ios" : 0,
        "short_ios" : 0,
        "drop_ios" : 0,
        "slat_ns" : {
          "min" : 0,
          "max" : 0,
          "mean" : 0.000000,
          "stddev" : 0.000000,
          "N" : 0
        },
        "clat_ns" : {
          "min" : 0,
          "max" : 0,
          "mean" : 0.000000,
          "stddev" : 0.000000,
          "N" : 0
        },
        "lat_ns" : {
          "min" : 0,
          "max" : 0,
          "mean" : 0.000000,
          "stddev" : 0.000000,
          "N" : 0
        },
        "bw_min" : 0,
        "bw_max" : 0,
        "bw_agg" : 0.000000,
        "bw_mean" : 0.000000,
        "bw_dev" : 0.000000,
        "bw_samples" : 0,
        "iops_min" : 0,
        "iops_max" : 0,
        "iops_mean" : 0.000000,
        "iops_stddev" : 0.000000,
        "iops_samples" : 0
      },
      "sync" : {
        "total_ios" : 0,
        "lat_ns" : {
          "min" : 0,
          "max" : 0,
          "mean" : 0.000000,
          "stddev" : 0.000000,
          "N" : 0
        }
      },
      "job_runtime" : 90000,
      "usr_cpu" : 1.934444,
      "sys_cpu" : 1.557778,
      "ctx" : 239490,
      "majf" : 0,
      "minf" : 12,
      "iodepth_level" : {
        "1" : 51.737778,
        "2" : 47.068333,
        "4" : 1.193889,
        "8" : 0.000000,
        "16" : 0.000000,
        "32" : 0.000000,
        ">=64" : 0.000000
      },
      "iodepth_submit" : {
        "0" : 0.000000,
        "4" : 100.000000,
        "8" : 0.000000,
        "16" : 0.000000,
        "32" : 0.000000,
        "64" : 0.000000,
        ">=64" : 0.000000
      },
      "iodepth_complete" : {
        "0" : 0.000000,
        "4" : 100.000000,
        "8" : 0.000000,
        "16" : 0.000000,
        "32" : 0.000000,
        "64" : 0.000000,
        ">=64" : 0.000000
      },
      "latency_ns" : {
        "2" : 0.000000,
        "4" : 0.000000,
        "10" : 0.000000,
        "20" : 0.000000,
        "50" : 0.000000,
        "100" : 0.000000,
        "250" : 0.000000,
        "500" : 0.000000,
        "750" : 0.000000,
        "1000" : 0.000000
      },
      "latency_us" : {
        "2" : 0.000000,
        "4" : 0.000000,
        "10" : 0.000000,
        "20" : 0.010000,
        "50" : 0.000000,
        "100" : 0.000000,
        "250" : 0.000000,
        "500" : 8.244444,
        "750" : 90.556111,
        "1000" : 0.111111
      },
      "latency_ms" : {
        "2" : 0.418889,
        "4" : 0.668889,
        "10" : 0.000000,
        "20" : 0.000000,
        "50" : 0.000000,
        "100" : 0.000000,
        "250" : 0.000000,
        "500" : 0.000000,
        "750" : 0.000000,
        "1000" : 0.000000,
        "2000" : 0.000000,
        ">=2000" : 0.000000
      },
      "latency_depth" : 4,
      "latency_target" : 0,
      "latency_percentile" : 100.000000,
      "latency_window" : 0
    }
  ],
  "disk_util" : [
    {
      "name" : "nvme1n1",
      "read_ios" : 179780,
      "write_ios" : 0,
      "read_sectors" : 1438240,
      "write_sectors" : 0,
      "read_merges" : 0,
      "write_merges" : 0,
      "read_ticks" : 103140,
      "write_ticks" : 0,
      "in_queue" : 103140,
      "util" : 88.946941
    }
  ]
}
